{"_wandb":{"runtime":729},"Sample images from each class":{"path":"media/images/Sample images from each class_0_bdf7b19d7cf1e3ae0624.png","format":"png","width":1600,"height":1400,"_type":"image-file","sha256":"bdf7b19d7cf1e3ae0624da76d853129cdcd291968cd74dc5a70af8fab20ee816","size":51677},"_timestamp":1.741437800572174e+09,"_runtime":719.632605,"_step":66,"Loss":0.07,"Train accuracy":94.95,"Validation accuracy":82.61}