{"Train accuracy":85.5,"Validation accuracy":79.79,"_wandb":{"runtime":145},"_step":25,"Sample images from each class":{"_type":"image-file","sha256":"d990ae567d7b95204509c450c6037e36baaefbd696085f2519969277cb64faf1","size":51379,"path":"media/images/Sample images from each class_0_d990ae567d7b95204509.png","format":"png","width":1600,"height":1400},"_timestamp":1.741445868486849e+09,"_runtime":138.784382,"Loss":3.59}