{"Loss":0.55,"_wandb":{"runtime":407},"Sample images from each class":{"path":"media/images/Sample images from each class_0_4ff4689cc10c236cfe6a.png","format":"png","width":1600,"height":1400,"_type":"image-file","sha256":"4ff4689cc10c236cfe6a6226d30056d40d0a11fab3a79a96ece577d1e1ea7425","size":50114},"_timestamp":1.7414417580366452e+09,"_runtime":404.539689,"_step":73,"Train accuracy":93.73,"Validation accuracy":81.54}