{"_timestamp":1.7414453638851578e+09,"_runtime":102.599697,"_step":18,"Sample images from each class":{"sha256":"9a2e563d6f87a9e52045198d240fba9a87db80bfb8d469860f760e15c8a73642","size":51060,"path":"media/images/Sample images from each class_0_9a2e563d6f87a9e52045.png","format":"png","width":1600,"height":1400,"_type":"image-file"},"Loss":1.67,"Train accuracy":88.28,"Validation accuracy":82.03,"_wandb":{"runtime":106}}